epoch,train_loss,nMSE_data,nMSE_bc_kin,nMSE_bc_dyn,nMSE_reg,SSP,epoch,val_loss,val_nMSE_data,val_nMSE_bc_kin,val_nMSE_bc_dyn,val_nMSE_reg,val_SSP
0,0.9089876831432425,0.4280099744598071,0.002238701380865261,0.32053051791837994,0.6328339575367611,0.7280522365752743,0,0.16381378322048992,0.053351053089465736,0.0008537605677221744,0.09274550232122529,0.06745386896830685,0.2573017382396842
1,0.11814026460956377,0.03172209213883579,0.0009856034900793014,0.07641573736405863,0.036067326466360176,0.2067588547959712,1,0.09842757843346951,0.027014738511083262,0.0011465877672341073,0.0640680066678884,0.02479298194905497,0.18808712852451037
2,0.0931958915207073,0.02573616632317762,0.0013149997366939511,0.06107950603698291,0.0202608776954113,0.18172623078216685,2,0.08970231050845096,0.024919257903436444,0.0013945251988809345,0.058416871178262636,0.019886624911483727,0.17969440204917259
3,0.09106872815539102,0.023974793490852225,0.0015290225731866584,0.06137551510880156,0.016757587930202295,0.175789543920407,3,0.0932832228235092,0.02288597393429504,0.0017162721872083701,0.06494616435946159,0.014939249370176837,0.1737726943672828
4,0.09454330974251125,0.023003521020778735,0.0016320674048624874,0.06598129128157433,0.015705720141182815,0.17305724645301251,4,0.10114842725100592,0.021544628548172285,0.0016779533064625455,0.07424480622669435,0.01472415667870697,0.1715851071870552
5,0.2909626020959065,0.028779905636634497,0.0016107652588316355,0.25362097687348373,0.027803817307826655,0.1820273728685168,5,0.11550897724249945,0.03353893057495918,0.0012623237792999957,0.06734519423741214,0.05345011460331251,0.2032752087656057
6,0.14398969740402337,0.02365822763157211,0.0015847388188550352,0.11308002930964339,0.022666806575811306,0.17481052498870175,6,0.07755159220948182,0.01992910738401818,0.0016899022146321411,0.05228836820372995,0.014576857628406218,0.16695550674537443
7,0.0717445569507201,0.018663587331136256,0.001756471820840668,0.0482549563132662,0.012278165941907896,0.1622972631765203,7,0.06814633550798907,0.017675645210130035,0.0017740513255187081,0.045829078920607294,0.011470240206932122,0.1592918429172264
8,0.06049779712886066,0.01707158288307853,0.0017793416659867077,0.03913793352389882,0.010035756223586404,0.1531092329377435,8,0.05648950312312973,0.01681029671838261,0.001754856415813402,0.03561275016586735,0.00924639929226547,0.1486150768567931
9,0.04851024898393924,0.015666528954354556,0.0017370867949732436,0.029143947757792322,0.00785074190727646,0.14194531847044567,9,0.04527051750798974,0.014636369545083001,0.0017337671322923786,0.02721955599087589,0.006723299358953845,0.13768864718248258
10,0.04249438607905613,0.014059194788854645,0.0017496973533980772,0.025036108404939396,0.006597542127456051,0.1346005012073788,10,0.03784825666895453,0.013420200221381098,0.001715699533650757,0.02129910907374238,0.005652991360721161,0.13042704114374123
11,0.03634454478825314,0.01253043734843697,0.0017484928708226312,0.020690223361007974,0.0055015648319422725,0.12714804627742812,11,0.043071340686061756,0.011868397757973312,0.0017406348784823182,0.028078617984956165,0.005534760258599835,0.12679877230581246
12,0.03220079042161646,0.011422433346027352,0.0017678878412804144,0.017773443700577974,0.004948102134922858,0.12307015995937878,12,0.03039194730808958,0.010998494782537784,0.0017699719349554969,0.01659559873196314,0.004111527434532654,0.11976512001370485
13,0.032052382244728506,0.010702001725398534,0.0017840031237969702,0.018443964286391015,0.004489652436567944,0.11850096504270183,13,0.038554260604970934,0.010948329443498602,0.0017807580056196115,0.02476842518684999,0.004226991876010906,0.12030564895216024
14,0.030440092100240446,0.010610261089705508,0.0017903899280339668,0.01698290679374295,0.004226137155032088,0.11749154474074242,14,0.04658775432870003,0.010043020658897903,0.0017795891013383022,0.033781659209503316,0.003933941435842019,0.11569106213326724
15,0.02876256083052401,0.009988964280763886,0.0018063325052481369,0.015979015567056,0.003952993909823951,0.11452408537480503,15,0.04455290378273447,0.010530356247470065,0.0018076002202436047,0.03124824342019153,0.0038668155793170882,0.1132419874083321
16,0.030242679530580338,0.010265341112434299,0.0018340398691370965,0.017185535627648258,0.003831051685442739,0.11320423239497777,16,0.02781763959913251,0.009937888942658901,0.0017494310532643828,0.015250029112651662,0.0035211619622302504,0.11160722009415897
17,0.026779640371444834,0.009682711091710587,0.0018086454339654996,0.014405750270821095,0.0035301342997905954,0.11038134914438871,17,0.026933559029855118,0.009853628446471016,0.001819476770799396,0.014503432718931505,0.0030280843746127947,0.10848847889112977
18,0.024940058096469417,0.009457023809906713,0.0018360229662588634,0.0128329467663974,0.0032562582156257514,0.10799830306856929,18,0.024353796125275416,0.009365556673761809,0.0018169089453294873,0.012413647588131562,0.0030307316722102324,0.1071423756064109
19,0.024902721603743447,0.009344938648849914,0.0018515766160669303,0.012920570409728735,0.003142543716391469,0.1063584240527138,19,0.02453215049364481,0.009434548162697058,0.0018456099238598122,0.012505356854987595,0.002986542208401381,0.1068176951891971
20,0.022634579858231016,0.009223283480008325,0.001866600542413115,0.010812789754203475,0.0029276243264243994,0.10488966985430574,20,0.022843409347224914,0.009108966357021962,0.0018343818198256897,0.011172606170458614,0.002909819999674581,0.10375136558739644
21,0.021496637155780773,0.009010473638478707,0.0018729987357651865,0.009918375248251274,0.0027791581331424145,0.10288498149287267,21,0.02230123525764354,0.008989067062876135,0.0018963412610146235,0.01088702170846035,0.002115220901169726,0.10154876815822889
22,0.02090766893181244,0.008899196582930207,0.0018871215609451064,0.009463393375848377,0.0026318296483549995,0.10127337539412587,22,0.021983061429499736,0.008791090191324364,0.0018839487632437838,0.010664407831599127,0.0025744585733298423,0.10034222141751703
23,0.020733927922230656,0.008799849565054097,0.0018989683991801258,0.009391935743791702,0.0025726968568189168,0.09981842397890196,23,0.021655056202775396,0.008880656230140407,0.0018629824955736832,0.010274853979079228,0.002546253991928303,0.09941098332967398
24,0.021864880048791255,0.008761977303131685,0.001898232916970318,0.01055930325199407,0.002581466306780728,0.09929729951030647,24,0.022366193963328975,0.008631512891712054,0.0019238647809340004,0.011278561474579686,0.0021290192644129384,0.09871673232541894
25,0.02019410817705839,0.008598734385600257,0.001922515492208043,0.009072432958772539,0.002401701361910199,0.09819214103675755,25,0.022359881495160737,0.008709980666918575,0.00187735073048762,0.011128534404736644,0.0025760627720715864,0.09805282303747141
26,0.019879018128051394,0.008576045724994387,0.001913148137015448,0.008782450736487082,0.0024294941182179145,0.09757335601730557,26,0.0205075053085204,0.008586053754080017,0.0019162382089251758,0.009474251252370622,0.00212384837257834,0.09702123237668343
27,0.01915209221207002,0.00850852732627548,0.0019314570141305903,0.008134422473621217,0.002310741592170932,0.09670093769757857,27,0.020297586571926006,0.00859945086446011,0.0018771848090010572,0.009228656560463726,0.002369177352004456,0.0966629461859757
28,0.01898104806598364,0.008477346653098131,0.0019254063066289323,0.008001520348445028,0.0023070990312461983,0.09620790541360352,28,0.020205014857533826,0.008524871571868096,0.0019324790150419158,0.009230918690281094,0.002066982321370885,0.09572626397294819
29,0.018840412468357767,0.008437719253461226,0.0019338509067157387,0.007900412660827758,0.002273718589412175,0.09556613860160441,29,0.020027672099872086,0.008496295309291696,0.0019285373306253328,0.009108704646592433,0.0019765392534505082,0.09518729937526416
30,0.018734549584457912,0.008405034490647662,0.0019458740038170493,0.00783192274994901,0.0022068733601767632,0.09495778238227205,30,0.019816342767060048,0.00846330779341032,0.001929414936314987,0.008903061233039172,0.002082235217182282,0.09478359177427471
31,0.01853064120519836,0.008367072228830761,0.0019462200118549532,0.007670980080738546,0.0021854755350963857,0.09445627781122594,31,0.01972467372114858,0.008474524730359609,0.0019210071757629092,0.00878447027138944,0.0021786861745464914,0.09445243370982837
32,0.01845733444807804,0.008343930497447744,0.0019497113345752913,0.007617328703656534,0.002185455649593877,0.09405904291506627,32,0.0196391802944489,0.008402769822838172,0.0019233336700741554,0.00879957826526941,0.002053994145068639,0.09403292342739285
33,0.018336478375339083,0.00830964480804818,0.0019545671561792474,0.007538286737338485,0.0021359186950926836,0.09358190646245017,33,0.019434795750059047,0.008351356564265376,0.0019303782236815062,0.00864509657411924,0.0020318575519716964,0.09332769321945478
34,0.018155910526624828,0.008261402734918712,0.0019644111303662613,0.00740650589143825,0.0020943630796064158,0.09294450206543785,34,0.020694719227733756,0.008331189898528019,0.0019408939922456892,0.009898458097903233,0.002096708956227269,0.0930830716805638
35,0.018884163352809433,0.008266426019641272,0.0019602863350515307,0.008123373333217597,0.0021363106595961405,0.09294032470262822,35,0.021055573655208926,0.008270569022674605,0.001966979064679933,0.010358790621020884,0.001836939787334007,0.09260363595665626
36,0.018510983000822677,0.008249464074788266,0.0019645528171463806,0.007770935594329337,0.0021041220582347702,0.09260208070231087,36,0.019257302159874017,0.008234560076709627,0.0019451427374491995,0.00855229657916528,0.0021012110661996425,0.09235959584420582
37,0.018896427267516724,0.008212362324868992,0.00196752428609766,0.008196037144975452,0.002082014046298485,0.09201617304700623,37,0.022560909003313666,0.008212873931833595,0.0019775922003834735,0.011852461036364987,0.002071927338926438,0.09247074093458788
38,0.061697300351379325,0.009611521295814718,0.001839525989914463,0.0491966777679762,0.004198301190695774,0.09639159664158573,38,0.047956552825437614,0.01219362034550253,0.0013934650825213571,0.03092815818370513,0.013765236854834377,0.11177888611015284
39,0.04547876390968934,0.010155759358963977,0.0017745873155083367,0.032193002034284726,0.00542166080372923,0.10171972487068855,39,0.020920902105127374,0.008837887217765147,0.0019043975834787455,0.009609599176021118,0.002276072511449456,0.09597857661967008
40,0.0187329445655653,0.00838150377098418,0.0019455164252364006,0.007826784343162984,0.002316560104726939,0.09468542677342986,40,0.0196243558180044,0.008397693772150099,0.001937112575484756,0.008753355733066235,0.002144774949213244,0.09383773072710577
41,0.018127979369176404,0.008245719740193743,0.0019648916472049687,0.007379170223970502,0.002152791031228752,0.09318564793368651,41,0.019404161690716754,0.00836142172755779,0.0019132171423648888,0.008544534497525333,0.0023399532930749767,0.09323069368893246
42,0.01788383486973472,0.008184766800011881,0.001963792710475282,0.007201900774109844,0.002133498340550851,0.09252559571375403,42,0.01920051936319379,0.008332562826152117,0.001982874735609962,0.008434403353845174,0.001802713790346148,0.09200959919758563
43,0.01774659866941515,0.008152095676733749,0.0019781523108793903,0.0071036074410588445,0.002050972962972677,0.09182461192257596,43,0.024170617345623886,0.008290234013056418,0.0019621521636474667,0.013483780137491677,0.00173780412571329,0.09148026426445763
44,0.02195564710392946,0.008233296109648866,0.0019779630677736297,0.011214133157831797,0.0021210190747006784,0.09157177205616829,44,0.020380657672539423,0.008295273900313198,0.0018958324305098152,0.009648750044124306,0.0021632051903684186,0.0915759006198847
45,0.021254719061561598,0.008240688494355145,0.0019511098511469968,0.010518625605922033,0.0021771804405496995,0.09161168150898027,45,0.030208013968801406,0.008177587393460408,0.0019517459880279483,0.019577817815654684,0.0020034510866334698,0.09132146005922893
46,0.02271605981027806,0.008233097915230157,0.001970139720488566,0.011965323426417923,0.002189994992565659,0.09125983696224942,46,0.025417421567187872,0.008465983781893298,0.0019868013409475955,0.01444649524143282,0.002072564811656638,0.09136739316976296
47,0.022193050389652587,0.00829722082145265,0.001968086287592601,0.01138265102389629,0.0021803690268441824,0.09117393991299338,47,0.019262027042096407,0.008170250935023124,0.001974319172627732,0.008658728650156057,0.0018349131371579923,0.09092167202594145
48,0.017756539886879134,0.008086904066822258,0.0019830097475620266,0.007188394811375164,0.001992925044478728,0.09053350456565101,48,0.01891265960216944,0.00812396531889461,0.0019985912554405347,0.00836956036224399,0.0016821706623612147,0.09011908747115226
49,0.017323143716839837,0.00803306788437092,0.001997815805897823,0.006808392450472378,0.0019354703043948705,0.08989996104067159,49,0.01897237223862969,0.008033267731936473,0.001979191424017596,0.008496192160923526,0.0018548836870083832,0.09001370617803538
50,0.01713933445129611,0.00798696193455661,0.001989562578622905,0.006677513190296495,0.0019411869912804068,0.08980396786619325,50,0.01859156769933179,0.008024164387639964,0.0019873041617859788,0.008124225368758417,0.001823495124589722,0.08976157009601593
51,0.01704147170532471,0.007961614101560195,0.0020005958622665767,0.006603729527143505,0.0019021288574177413,0.08947713846137738,51,0.018560937522330657,0.008028284453277319,0.001994770406833235,0.008098652533624531,0.0017569205143822815,0.08948623712332744
52,0.017004522355153824,0.007950141213798974,0.0020066837675440587,0.006576039020625336,0.001886633412741819,0.08922704829470994,52,0.018504790310475555,0.008015417871680463,0.0019865601756258533,0.00804678442062072,0.0018241113701940707,0.0894414133058404
53,0.01696104494566689,0.007934187611382554,0.002007980137624988,0.006550652868780904,0.00187289731151378,0.08906092675988331,53,0.018453459558516457,0.008009581888129688,0.0019770234159879247,0.007996232327917274,0.0018824877059262879,0.0893658476899255
54,0.01691579162551452,0.007920586165646901,0.0020028579131204276,0.0065195569474291275,0.001891162397272261,0.08901379881264851,54,0.01842280205960807,0.00799944770153401,0.0019888770019740993,0.007980437176126355,0.0018161607198944351,0.08910350571825819
55,0.016879012646977443,0.007910839187814067,0.0020109490460368967,0.0064921254295073035,0.0018603959344766995,0.08879247513757121,55,0.018376543462816804,0.007978618241635696,0.001967479955879444,0.00793403143695784,0.001985655313375283,0.0891350454316949
56,0.016842968404001627,0.007885383196339883,0.002005247479395891,0.006481148460718081,0.0018847570701910953,0.08872089549122264,56,0.01838092202043934,0.0079930608758246,0.002015193310381739,0.007956595142494957,0.0016642907669521727,0.08863635304963814
57,0.016809667847568013,0.007883441958158596,0.0020114129753474375,0.006447155194836676,0.0018706308769012138,0.08852097669860574,57,0.018347145689163742,0.007937770758597355,0.002021802481668035,0.007982506689105957,0.001620263039169587,0.08858972394241477
58,0.016768003506791935,0.007871767330184978,0.002018984673672766,0.006420930466463122,0.0018252841458842746,0.08831146949134167,58,0.018274330437394248,0.007948804576441927,0.002003885996703691,0.007876720121306068,0.001779678971770237,0.08839674856302873
59,0.016721210188589283,0.007854975957135076,0.0020188391747506334,0.006390541364507982,0.0018274147687823766,0.08818199265436351,59,0.018230605257108352,0.007930555433597206,0.002006627597301355,0.007850458678560998,0.0017718541905951668,0.0882363424829717
60,0.01668619562406093,0.007845066715838126,0.002022700231981362,0.0063631589102189495,0.0018210790640899638,0.08796145118431646,60,0.018205263858379905,0.007896104792378983,0.0019976040183671945,0.007848616707015713,0.0018517533624720461,0.08826386436538876
61,0.016658460657544415,0.00782851811489576,0.002016771090213992,0.006353338139417094,0.0018393332520702816,0.08798438029313728,61,0.018167485121663943,0.007914488766131536,0.002013860747024839,0.007809397588782715,0.0017189520788994039,0.08793764364606929
62,0.016618159201436073,0.00781772174286887,0.0020253662526457444,0.006322087385687288,0.0018119352809366834,0.08771092744800152,62,0.018162857389674995,0.007904404721591832,0.0020187369774025427,0.007809627915398692,0.0017203511011277168,0.08785816745937995
63,0.01684669970927069,0.007819393993242045,0.0020292157720697905,0.006548002126845891,0.0018003512684518462,0.08756497365791839,63,0.018382933869395615,0.007847419939935207,0.0020180190188529073,0.008100913679402954,0.0016663249248181874,0.08778616167464347
64,0.01662038693321857,0.0078029037448820344,0.0020251980394943017,0.006340771592788598,0.0018060542242145415,0.08761824412038918,64,0.01809146193367921,0.007860498010831059,0.002023703748149411,0.0077745255065273565,0.0017309386726855388,0.08751461809536196
65,0.016521276248009115,0.0077820503481003155,0.002033080452520512,0.006258423319513105,0.0017908885115007229,0.0873001995621511,65,0.018049784794335586,0.007861154804111651,0.002019267601734203,0.007742789802405069,0.0017062903443386531,0.08746518025983055
66,0.016491987301558285,0.007772434064397503,0.002029501897758123,0.006241766933063384,0.0017931376253571038,0.0872892199251889,66,0.01803779169941268,0.007858144567471068,0.002023761485756006,0.0077178746830882895,0.0017520438523892805,0.08731339168998431
67,0.01649080061115901,0.0077641815573159505,0.002037067122527179,0.006246848604575647,0.001770813306960929,0.08705683187897925,67,0.018007882514349094,0.007836009735979562,0.0019991853338103952,0.0077122890847330944,0.0018415934393041819,0.08737486516529659
68,0.016500930831737093,0.007752158170003932,0.0020357416025922,0.006268275649350072,0.0017790216391635426,0.08693160053113061,68,0.01834561914328556,0.007853469547798048,0.002025841713338247,0.008038021624088287,0.0017131450322439086,0.08706043562236822
69,0.01723221477977126,0.007775194840696986,0.002040419112567276,0.006971235211208863,0.0017814624611925374,0.08679634816414937,69,0.018949596126748354,0.007861714186322576,0.0019841544453124953,0.00867701316568649,0.0017068573177071674,0.08687392158328362
70,0.022553730589168635,0.007980336465300495,0.0020190082791551587,0.012061575446778093,0.001971241591739546,0.08770311774471172,70,0.02036608163353038,0.007806950231205742,0.002012237227732702,0.010137161732001125,0.0016389297703632488,0.08740809981553059
71,0.020524293749667133,0.007879279689248328,0.00201706934902717,0.01015314322456388,0.0018992059473110154,0.08736592920800144,71,0.03167339171313698,0.00814625443363527,0.002017824247233429,0.02099471078869307,0.002058408974300859,0.0878945195449973
72,0.017655161449212215,0.007796376096128852,0.002026123361806216,0.007372036515948426,0.0018425019013148837,0.08725402282924637,72,0.01814181708021283,0.007796698232304375,0.002029358341253169,0.007892574587801718,0.0016927436754142619,0.08702118666666858
73,0.016382603774599047,0.00772949334419381,0.002040191780478586,0.006171845237313994,0.0017642936504506292,0.08676540038267394,73,0.01797346217131664,0.00779238505780978,0.002020819699128141,0.007720120093029625,0.0017605492853963712,0.08689520437762423
74,0.016311939099851753,0.007715748515609787,0.002043199140613819,0.006117391924551831,0.001742398076305257,0.0865294311848862,74,0.017977860520642142,0.007779892252863578,0.0020417937863934435,0.007749719703394287,0.0016258191119633474,0.08676809241186897
75,0.01622473509070403,0.007695471480235716,0.0020428636967606173,0.00605446773862222,0.00172772870034191,0.08647021876080153,75,0.017859718468554213,0.007768631385604166,0.0020276440410734206,0.007630098057594502,0.0017333799371284978,0.08661997824344995
76,0.016180220870635847,0.007680074232343531,0.0020459472162407746,0.006020849371273041,0.00173340020311399,0.08632675019250285,76,0.017869459856125827,0.007753508560851497,0.00204790729528539,0.007676112377699816,0.0015677264891564846,0.08647132678976599
77,0.016165702703528805,0.007679685068244665,0.002052377210746079,0.006007079879560553,0.0017062421799100358,0.08618677243896382,77,0.017827809821783547,0.0077626206912100315,0.0020356784983239363,0.007607261694194573,0.0016889957522200245,0.08646935646264058
78,0.016143246167097544,0.007671016353766594,0.0020509129052644812,0.005993856281177457,0.0017098425075560396,0.08612194529618321,78,0.017812661792564573,0.007757072547837248,0.002036551619827185,0.00760072288718426,0.0016732589508635255,0.08633639649400171
79,0.01612859189795039,0.00766238678794054,0.0020522805852933213,0.0059866027613751606,0.0017092870533654664,0.08605180022793735,79,0.017801761430059997,0.0077480143375413596,0.002034851559657463,0.007587677948528303,0.0017248703373314918,0.08630148883698122
80,0.016122067068130776,0.00766384126662643,0.0020548160606112453,0.005979313749796453,0.0016963839643865848,0.08597977533583392,80,0.017775681607846944,0.007723712678647267,0.0020300850518188388,0.0075837936392932565,0.0017523609523503285,0.08625311629389817
81,0.016094682548389333,0.007645414025474216,0.0020574647330018395,0.005966190621698213,0.001702452672860257,0.08582841091764293,81,0.017782176553188242,0.007722833176266472,0.002054822887074343,0.007618001108672822,0.0015460775246984274,0.08605958746289308
82,0.01607833950840494,0.007646867687597659,0.002055603012922227,0.005951940850023692,0.0016957118314454378,0.08584471638969148,82,0.017775929961265678,0.007706251417128545,0.0020570076918580904,0.007631061018778468,0.001526439334002306,0.08596131486712762
83,0.01609029212079906,0.007644662330453807,0.0020571293646438815,0.005965420871452204,0.001692318216996675,0.08578281290534925,83,0.01777490947114409,0.007693603177959064,0.0020395912107009934,0.00761977964485029,0.0016877417505349753,0.08597716464186614
84,0.0160595362075041,0.007630812857553104,0.0020581013326258007,0.005946789927027331,0.0016953283611914557,0.08568095305778592,84,0.01772383130803476,0.0077276343813622896,0.0020394322367929766,0.0075335482943732785,0.0016928655820248543,0.08598702921057647
85,0.016029227315395352,0.007627374382239383,0.00205884348913015,0.005922856610444909,0.001680611334323639,0.08564503046008648,85,0.017699695117046776,0.007713732766514679,0.002045127217227347,0.007514591337585787,0.0017049751828758504,0.0859336110780824
86,0.016018218317116563,0.00762190415610752,0.0020604084729912912,0.005912152189602502,0.0016950139936609974,0.08556981026937988,86,0.017702421164118142,0.0077191638883273555,0.0020488158048499587,0.007530496315152015,0.0016157806231552419,0.08579414914239128
87,0.016008576614010984,0.007620417955441851,0.002059840580568418,0.0059083325955369415,0.001679941929855103,0.08555856441246201,87,0.01767790235715198,0.007696968907455228,0.002048365253392818,0.007512508381931287,0.0016802392574905786,0.0858262856051607
88,0.015990432388678682,0.007614049554389046,0.002060763074429397,0.005895691905406084,0.0016797114178166087,0.08549657431070651,88,0.017653804057154734,0.007700643888762537,0.002041017820065806,0.007472854371200192,0.0017571519085047942,0.08575935549331161
89,0.01597582762133099,0.00760775182902295,0.0020607995240114877,0.005885108992733991,0.0016886691022502467,0.08544881349962093,89,0.01765767734921713,0.00767258776984406,0.0020476727689317654,0.007526828468127071,0.0016423533692569384,0.08555974544219251
90,0.015959675590010023,0.007604951239051224,0.002065154623270026,0.005872534211330693,0.0016681420654323287,0.08533769297467965,90,0.01766847981632037,0.007672167093194318,0.0020512598050529806,0.007526490960340455,0.0016742478309304646,0.08564755404895207
91,0.01598071470178221,0.007602735065029695,0.002068855216002789,0.0058924489556024615,0.0016667018605890504,0.0852254401733525,91,0.017628798344203285,0.007678400136460111,0.0020406159170340958,0.007485682039328341,0.001696401005522963,0.08548348382958826
92,0.016088450498690263,0.007596417500874348,0.002065365475280237,0.006009359729268822,0.0016692311730674258,0.08523573755841309,92,0.01916576619260013,0.007713088994178007,0.0020838391347700416,0.00898632547765408,0.0015300503439920129,0.08547746193296504
93,0.01665457810836551,0.0076139563309119964,0.002069888929990937,0.006554030960405136,0.0016668075482297753,0.08514035253021954,93,0.0176474026872179,0.007675566930183262,0.002079185234593614,0.0075310492747516005,0.0014464049907576926,0.08524166820746548
94,0.015910565418722388,0.00758965838498967,0.0020720359627596995,0.005837493541902063,0.0016455101162838157,0.08509115933618651,94,0.017575109258891556,0.007666881881513685,0.0020469434730673456,0.007432494936335199,0.0017151558719013097,0.08541591999665746
95,0.015905908188002117,0.0075782948904810545,0.002068800720758442,0.005844664141626979,0.0016565937405425648,0.08508832984578929,95,0.01759526449945351,0.007653677502190167,0.002056097665599565,0.007482719607651234,0.0016110788960501832,0.08521195219935111
96,0.016071616448045452,0.007576674861483288,0.0020705072575588645,0.0060117098313019176,0.0016508979908055308,0.08502591725020989,96,0.01756530888279777,0.0076583212522684406,0.002059180632163331,0.00743917962711937,0.001634509484986511,0.08521168552479653
97,0.015990891444436717,0.007571302591212459,0.002071990856948996,0.005932332037125624,0.0016610638365985556,0.08496832922924939,97,0.018564158942405453,0.007620894754270338,0.0020422022987403115,0.008496891004296969,0.0016166835403913316,0.08502972941353636
98,0.016136815704228688,0.007575182459724693,0.0020685538783445836,0.006075650008504189,0.0016697174306208858,0.08495337182970786,98,0.018045731889905478,0.0076798104048478154,0.0020728946492111064,0.007889331362368364,0.001614781893912773,0.08505716470052611
99,0.015898544973242102,0.007561621601556503,0.0020736920026441417,0.005850446943817499,0.001651137700895845,0.08483194298512563,99,0.017615242564681704,0.007638725127040778,0.0020816272634239692,0.007521566442864121,0.0014932949254113548,0.08493783465533886
100,0.015790424537070462,0.007547839775705036,0.002079349793813752,0.005759382262931898,0.0016154108184791062,0.08477065070145315,100,0.017473327360590395,0.007635644232889391,0.0020624270557232623,0.007363419303283939,0.001647347074775201,0.08506494395013126
101,0.015759919890247456,0.00754236268235656,0.0020756204075534574,0.005732496324220399,0.0016377619044681626,0.08475788168338426,101,0.017471952932197072,0.007634253715569118,0.002069208669950658,0.007372217006840796,0.0015850941593460036,0.08497489651419082
102,0.015752729483457843,0.007540958195683468,0.002078531951809782,0.005727126743456152,0.0016244503700337703,0.08470979561267118,102,0.017471223087203776,0.007601683704569092,0.0020689207924319045,0.007407096741756178,0.0015740873937864068,0.08495963575705043
103,0.015753476275662436,0.007537558482074154,0.002077974755343456,0.005731038260751803,0.001627619109972092,0.08471005421726248,103,0.017494733748465496,0.007598425419825428,0.002070793668950363,0.00743194100148273,0.0015742946328278983,0.08490647192833559
104,0.015742323040321474,0.007531540797902698,0.0020792169296322462,0.005726123111702113,0.0016217688043376705,0.08462955710870959,104,0.01746405108627547,0.007638342924556642,0.0020651902140223616,0.007348280523042634,0.0016489496986153273,0.08494492015748653
105,0.015732450383229072,0.007529846345490848,0.0020773132592086544,0.005717360783856815,0.0016317199786910184,0.08466451520932983,105,0.017456207862057954,0.007606932260798958,0.002081536507796285,0.0073889433054850915,0.0015151831519104682,0.08478357516369729
106,0.01573055042180821,0.007526499567932992,0.002086459113055793,0.005719176748117187,0.001593659970808942,0.0845187205532904,106,0.01744159324729446,0.007620650589606672,0.0020516294797109265,0.007338427464073559,0.0017235428556132148,0.08491854172832561
107,0.015726442900007662,0.007521458377687946,0.0020792738440347978,0.0057192058729134375,0.0016260192214859295,0.08457232562686783,107,0.017430027468538542,0.007618603402010675,0.002067256354252404,0.00734320933104686,0.0016038335249144232,0.08475355157312357
108,0.015709241714679703,0.007523615648131376,0.0020817038647265515,0.00569774221046276,0.0016247199654360676,0.08449990583633736,108,0.01743406281347457,0.0076038819245712935,0.0020735439260156367,0.007366025855518737,0.0015624444294756032,0.08470643859989238
109,0.0157047304298587,0.007519585178285178,0.0020833621732154963,0.005698281054872001,0.0016140080939440974,0.08448780604636688,109,0.017407073549276113,0.0076227549920385735,0.0020595939647634776,0.007303492974419639,0.001684926472217688,0.08482436146938575
110,0.0157011220957225,0.007517899335825471,0.0020797437141130064,0.005697729747586458,0.001622997192790258,0.08450534004029504,110,0.01740762444579851,0.007623444645191138,0.0020731464621417646,0.0073112152112683034,0.0015992725087892053,0.08473037661246534
111,0.015690602193544505,0.007513364314985878,0.002085524756832145,0.005688311744004629,0.001613605510887409,0.08441633449817344,111,0.01745036271739013,0.007590333737854687,0.0020750406097163852,0.007399429444153354,0.0015422357026628167,0.08462473567364351
112,0.015697431375510183,0.007512811237010416,0.002084138346166537,0.005698941784835822,0.0016061600299896363,0.08439725314930528,112,0.017417360835748213,0.007590002591176977,0.0020760080320233443,0.007357104250915208,0.00157698384653074,0.08460097267942608
113,0.015695019503562502,0.007508302161890842,0.0020848468628728183,0.005700021980721709,0.0016073939923085213,0.08436891448347113,113,0.01741250695766143,0.00759169322280389,0.0020772577812543736,0.007353656125729377,0.0015595993114951646,0.08457067412025523
114,0.015711512792284277,0.007508573365084368,0.002084524735240457,0.005714632367706412,0.0016151292970121543,0.08434366532505783,114,0.017402959652552556,0.007597845284936001,0.0020812970392827717,0.007342930593229127,0.001523546940418628,0.08451408822581453
115,0.015668730080552043,0.007503988200689756,0.0020888821033563753,0.005676657709588796,0.0015968082676684678,0.08429937148216587,115,0.017483165538716042,0.007544215856436288,0.0020721225103117386,0.007468099670730672,0.0015949100049493729,0.08451871461463424
116,0.01569830193535585,0.007504157207047017,0.0020851341324842182,0.005704542006973595,0.001617874355404086,0.08431953859131483,116,0.017420982866205345,0.007574837373675041,0.0020960365852587064,0.007393244504577147,0.0014274576107778077,0.08439433209176334
117,0.01565676949840384,0.007502223723266409,0.0020909241763330515,0.00566805438410732,0.0015822688587882377,0.08425030267634098,117,0.017355046160892527,0.007561740676327696,0.002070002209500603,0.0073127740871090936,0.0016421167518205519,0.0845275214820538
118,0.01563330489266601,0.00749487992696829,0.0020873960194738484,0.005650794343569715,0.0016009384106166402,0.08426598549524755,118,0.01736032058219074,0.007585646813067625,0.0020752258814062995,0.007298174419633622,0.0016050938723327697,0.08446193022548028
119,0.01562956372372082,0.007489884732729545,0.0020918960417848887,0.0056494527355154265,0.0015933208547638399,0.0841737471662144,119,0.017343916943986494,0.007573890297691214,0.0020731630436373206,0.007284411677282374,0.0016498077015023468,0.08453786007638248
120,0.015617711632383773,0.007491485493796132,0.0020883568734707428,0.005638720514767731,0.0015965950013966687,0.08418327515818308,120,0.017336471034828924,0.007563182240668332,0.0020752679754294594,0.007289736909475529,0.0016331356370224144,0.08446943647456619
121,0.015615869462313758,0.007485161236771286,0.002088466254769167,0.005641015896082254,0.0016049042987642003,0.08418273935197465,121,0.017686526630434015,0.007586973148204808,0.002085926112244433,0.00763137013001262,0.0015290289598886135,0.08436331869858615
122,0.015823487477637475,0.007503021402522851,0.0020925503435263657,0.005827987390036267,0.0015997133662079654,0.08409933815305644,122,0.017384532895070977,0.007569124043550131,0.0020884880334806613,0.007346142452421054,0.0015231134624765167,0.08435830361438247
123,0.019504568068553656,0.007556411915121815,0.002083812089560415,0.009448396028747773,0.0016637921404946113,0.08429200571813102,123,0.022918417596231866,0.00772116727740416,0.0020100756148579268,0.01275702326927545,0.0017206057387773158,0.08453086580870287
124,0.01630657410337759,0.007552402092535254,0.002083704251454669,0.0062623027620887116,0.0016326599891958126,0.08426594123314907,124,0.017346132770707862,0.00763146125904794,0.002083290221152019,0.0072390981774144575,0.001569132452373797,0.0844679500134486
125,0.015572285085514122,0.007502873606191239,0.0020887054625080568,0.005582649541774538,0.0015922259001611581,0.08416873678023593,125,0.017322933788956055,0.007587764271587695,0.002084196013626906,0.007264869700554969,0.0015444152127459365,0.08436121904062775
126,0.015564448782426745,0.007492684888672584,0.002090301349395695,0.005584038374724829,0.0015896966785345504,0.08413650788731673,126,0.017321728836011387,0.007582830440885616,0.002084561849874005,0.007272849720463438,0.0015259472991533156,0.08430513430316493
127,0.015559233727530753,0.007484729687931931,0.00209221574304056,0.005586408180924718,0.0015835204625341858,0.084080900496687,127,0.017311085692611257,0.007594960829559362,0.0020805746251014324,0.00723814905427818,0.0015896047346891378,0.0843367947722381
128,0.01555610149561782,0.0074815903562246155,0.0020917574448384474,0.005586198143407961,0.0015862222045871883,0.08406130794147368,128,0.017307644505119655,0.007585368751776668,0.002080582139380979,0.007243060937397323,0.0015945307062587366,0.08429519185480082
129,0.015551072046492474,0.007480452746435364,0.002093601977749835,0.005582167697837944,0.0015793984978773159,0.08402613889408338,129,0.01730170876132588,0.0075644380852298914,0.0020779724680941624,0.00725767521609394,0.0016064919676315392,0.08431604406181371
130,0.015547494390822352,0.007477224171809017,0.0020919760045820576,0.0055813408077151575,0.0015878136268644748,0.08403191540101881,130,0.017311035236453567,0.007554772380247431,0.0020892054242310377,0.007286327161808622,0.0015229210806659088,0.08424217661596695
131,0.015545745696146487,0.007471728248971898,0.002092489501348098,0.005586261448331213,0.0015810659899811097,0.08404017190373904,131,0.017307401423338132,0.007566764845319514,0.0020888637782092083,0.007274828482208387,0.0015077772704040948,0.08417470879712195
132,0.015540360772180758,0.007471895069001599,0.0020933505434136083,0.005578979782871961,0.0015845415075743602,0.08399196471695275,132,0.01731295395205413,0.007544342323013072,0.0020940037760532127,0.0073047931358780505,0.0014792588684391583,0.0841232900911907
133,0.015537573988413319,0.007469422104481554,0.002098706640368607,0.0055807374909190586,0.0015548310105763905,0.08394780724440329,133,0.01728890740141308,0.0075599049692446334,0.002079872150887858,0.007248973175180408,0.0016006284244007097,0.08422363858740285
134,0.015532895469821548,0.007466633128823262,0.002094701695869093,0.005576832547318926,0.0015789123912410676,0.08395008453260666,134,0.017298071825863653,0.007559351877854118,0.00209033919305031,0.007272146923362084,0.0015049353263885627,0.08412318184690655
135,0.01553048245716348,0.007466495510832205,0.0020976441637958632,0.005574197350967363,0.0015685817262722035,0.08389998983009167,135,0.017286579043358424,0.00755583893788873,0.002081395458553057,0.007249796165610259,0.0015981939252255098,0.08417439798139176
136,0.015528638470155816,0.007462721741736218,0.0020964514523175194,0.0055734694318913544,0.0015839833768428926,0.08387809222060923,136,0.017290986965647636,0.00756320392466941,0.0020846494007855654,0.007257427897234008,0.001542822971834608,0.08415582494915656
137,0.015524640701246937,0.00746428684182877,0.0020967943551652222,0.005571935180939534,0.0015664972932536386,0.08390771271587359,137,0.017286856154656423,0.007540564650212819,0.0020869545713242776,0.007278571819078247,0.0015230604561643217,0.08408404900780264
138,0.015519551454987216,0.00746163847417781,0.0020964186048976737,0.00556792019488287,0.0015742967241154449,0.083897343661642,138,0.017274556736426673,0.00754457756103772,0.0020804967146964286,0.007248820886367334,0.0016026462973007616,0.08412365362329303
139,0.015517987980320462,0.007459010961973131,0.0020960019055406725,0.005567428814821051,0.0015821851919424288,0.08386145191970407,139,0.017274838610868547,0.007553950198135286,0.002085480052661502,0.007244289659385411,0.0015644748027454007,0.08409974119573269
140,0.01551176705338814,0.007459144870122368,0.002096148723100811,0.005562381331895671,0.0015763685130771679,0.08386928796485701,140,0.017273212706160574,0.007551857551454373,0.002088142609452161,0.0072463525037439365,0.0015474401660404116,0.08409573643837336
141,0.01551017669158455,0.007455112387560085,0.0020981436315041157,0.005562858724463466,0.001576247792227538,0.08384723886023578,141,0.01728415568490987,0.007524851964400062,0.0020932593659655947,0.007294987328350544,0.001484228104774682,0.08401850315759767
142,0.015505957974162906,0.007456803946692561,0.002097471372009583,0.005560002574405823,0.0015667203242197563,0.08384485082556663,142,0.017270350274695787,0.0075398764204023016,0.002093711573595427,0.007258099046939949,0.001514652935032434,0.08402688759115506
143,0.01550096470406437,0.007453561906142258,0.0021017572384509353,0.00555706148677304,0.0015543362907925547,0.0837803070579095,143,0.017259191609655493,0.0075537303796494905,0.0020851674885049745,0.007224311243812993,0.0015839299907521257,0.08411208020066316
144,0.015499136128833798,0.007452456033045623,0.002097743043531097,0.005556251671633096,0.0015707415224959277,0.08380368354290395,144,0.017257269168215506,0.00756479148700271,0.002085682819597423,0.007210470402156407,0.0015852978378358596,0.08407101878580057
145,0.015495143758568369,0.007449991961332012,0.0020979161948623285,0.005553909864697434,0.00157330295070638,0.08378939740183229,145,0.017256211067158904,0.007551617226299812,0.002091512316837907,0.007225752105268667,0.0015493176750100727,0.0840099130599004
146,0.015497430719749334,0.0074525028386257745,0.0020975625934373547,0.00555202530955934,0.0015813599125074596,0.08378392436775552,146,0.017259606072911993,0.007528945250120366,0.002099427967859467,0.0072548085349207776,0.0015056972800455285,0.0839409423324297
147,0.015491388143541236,0.007446629109264221,0.002104591524911129,0.0055536236205707655,0.0015461755551804794,0.08370779096891906,147,0.017247516620697734,0.007560622070054963,0.002088015220338865,0.007201346480902636,0.0015901313976050828,0.08401488456523644
148,0.015485671338342723,0.007450355712683374,0.0020992895661842955,0.005543822201931081,0.0015688154301758878,0.08375489755311472,148,0.017245782701790616,0.007531457246755654,0.0020900254230067695,0.007235137148285812,0.0015566515349695143,0.08397695141018562
149,0.015480801163651938,0.0074457231082175205,0.0021014798957974786,0.00554257584662187,0.0015640892520602822,0.08372821595290261,149,0.017234817243901624,0.007544145357074603,0.0020815383660484034,0.007202359566570453,0.0016270958168326684,0.08402732113059962
150,0.015469047904220476,0.007445349557381153,0.002100312871943812,0.005530323699340342,0.0015722471022206737,0.08371548781886486,150,0.017232548040206068,0.007522701874445632,0.002087065638130847,0.007232435381496852,0.001561380584530954,0.08394885541133161
151,0.01546344479778046,0.007440252277388063,0.002099769452577942,0.005533124355519834,0.0015611948491784774,0.08371796627274433,151,0.017231562555402972,0.007545712772967681,0.002090199624258533,0.007198901759144271,0.0015869935961299628,0.0839921033607339
152,0.015460700051999898,0.007439942995901404,0.002102942297736839,0.005529235273093503,0.0015543179410726058,0.08370024587305801,152,0.017223553903914883,0.007547705522123372,0.002083066299575258,0.007187782031185222,0.001620000204124119,0.08402596385973804
153,0.01546007408967847,0.0074401900604790985,0.002098564063760711,0.005527558558477798,0.0015750456278434532,0.08371382992932394,153,0.01723347380669471,0.007536307759231554,0.002097135433874462,0.007223146888515297,0.0015075349002935975,0.0839123287290897
154,0.015457849109679237,0.007439501192214741,0.0021017649082987794,0.005526903310516999,0.0015587187945948675,0.08369948284179679,154,0.01723106345875663,0.007534471199900474,0.0020953113265897868,0.007220149997902929,0.0015245237374537676,0.08390867358671045
155,0.015456047956831753,0.007440644455411564,0.002102802260403667,0.0055242071743307145,0.0015535762667432309,0.08370164222721052,155,0.017225979632403667,0.00753089687171972,0.002086899085146076,0.007210178089872846,0.0015920223426600954,0.08396409114576736
156,0.015455773763438043,0.007438036851146469,0.002102102504640017,0.0055256916087203165,0.0015597711957249596,0.08368040055130707,156,0.017226060863390985,0.007523610212681991,0.0020917703546935095,0.007227554609823339,0.001532502744768588,0.08388787859453345
157,0.015451880780891531,0.007437229730294779,0.002102157946655418,0.005523782903196123,0.0015548408029808429,0.0836744015391969,157,0.017217840690754424,0.007542498998414233,0.0020890328725624197,0.007192540685382654,0.0015750725375804698,0.08394848850538146
158,0.01544945193081285,0.00743760728375842,0.002101515517621573,0.005519986058486769,0.001561372283784346,0.08368090936828752,158,0.01722051683299349,0.007527947513702905,0.0020956412607909375,0.007212828528487457,0.0015363981200487546,0.08391127594799366
159,0.015448363775558074,0.00743519159336979,0.0021029360618848372,0.005522160512052394,0.0015523024330042173,0.0836801804943484,159,0.017219728219678695,0.007529772844446718,0.002090605683097581,0.007211536450206109,0.0015512529677131548,0.08391749563644517
160,0.015447778159385219,0.0074350864981046596,0.002101306483152471,0.0055213278655321775,0.0015602292503836442,0.08368160200156684,160,0.017243875929193995,0.007522566946891119,0.0020980630465343877,0.007254879499943751,0.001473465743298941,0.08384878666333433
161,0.01544547567565559,0.007433993912538834,0.0021045826992320154,0.0055212102400795165,0.001542755295220898,0.08364330000269093,161,0.017208647377182782,0.007545741099231648,0.0020870319611551065,0.007178773567572517,0.0015884029968940424,0.08392623980652611
162,0.015442296858394385,0.007437850521159421,0.002102171924034366,0.0055126425965378685,0.0015585272666509132,0.08365890083578525,162,0.01721076029605443,0.007511519897237139,0.0020927941593569966,0.0072177694143973434,0.0015547073002518067,0.08389633950197471
163,0.015440486589359122,0.007430143510160665,0.002104003219622501,0.005518537391371448,0.0015512098728180355,0.08362173948195685,163,0.017216219229048188,0.007523827228414,0.002091808848627755,0.007209752897187224,0.001563321019276836,0.08388257504634138
164,0.015442233387642267,0.007433906093086771,0.002103377970768283,0.0055152175898000155,0.0015589269359487935,0.08363197382545395,164,0.017210485859563186,0.007523949117452468,0.0020955173597442655,0.007206077151492519,0.001539768923495738,0.08387058439119807
165,0.015437703027220195,0.00743405093213817,0.002102138338673795,0.005511193206654435,0.001561282199015179,0.08364193828844158,165,0.017217781775266387,0.007508741094256347,0.0020990208898372244,0.007237683788363663,0.0014893440112366148,0.08379024042273467
166,0.01543607980454543,0.007430970650401678,0.002106183982420401,0.005512701725590191,0.0015448937845326436,0.08358374013202073,166,0.01720290859328706,0.007547000423073769,0.0020856011399718105,0.007163852541092431,0.0016258179565961913,0.08393808693256018
167,0.015433508514352027,0.007430145999572665,0.002103044900831312,0.005510797598333014,0.001558080062460144,0.08361997535396339,167,0.01720291005287161,0.007518351868779029,0.002091150186112467,0.007201912795316498,0.0015659808106544726,0.08385150359486634
168,0.015436107363668823,0.007429706107083514,0.0021041966349439694,0.005513279436900624,0.0015557007389628633,0.08359790409769492,168,0.017214164160903683,0.007488891965586622,0.0020978012262790834,0.007252217788811562,0.001501012720905666,0.08377025402941794
169,0.015435067733327121,0.0074287436778935215,0.0021086961228112097,0.005514194532687442,0.0015337335997397936,0.08352976112286627,169,0.017197203873502934,0.007533575373016439,0.0020865948369972547,0.007171217018281514,0.001623266580830908,0.0838905376083446
170,0.015427291979310713,0.007426740982721296,0.0021050567782850346,0.005506493160015599,0.0015560042331551347,0.08357329114588892,170,0.01719435712241322,0.00753058746175946,0.0020923048459907186,0.007182476699422553,0.0015559524609619435,0.08382364334362857
171,0.015425512054604058,0.0074297740016762304,0.002104490421606466,0.005502716999347976,0.0015541225278935444,0.08359246503261593,171,0.017210639812236757,0.007500588937820691,0.002105300729865876,0.0072417732609330486,0.0014519075344685676,0.08371788038397734
172,0.015424060056134645,0.007425602613749662,0.0021072770902919357,0.0055063845998773835,0.0015391830088626623,0.08355295328544027,172,0.01719425018450667,0.007527810767433554,0.00209544475831724,0.007186202815610845,0.0015391673725801257,0.08379543193106381
173,0.015421298090486212,0.007427235732758403,0.0021066723294308966,0.005501770443837695,0.0015424783378368682,0.08356567458095143,173,0.017188277629309526,0.007522659393835743,0.0020916857361301497,0.0071816274210951235,0.0015692203129940437,0.08382385575546408
174,0.015422473619773407,0.007425671027705521,0.0021059009306115136,0.005503333776918538,0.0015502715381513399,0.08355807157536442,174,0.017204370262883253,0.007512720407180066,0.0021068430615518736,0.007221993129208403,0.001451254659771638,0.08370955752314262
175,0.015412019814244978,0.007424716309513337,0.0021057775913826725,0.005493672000388446,0.0015514156518420896,0.08355570604545057,175,0.0171907238573284,0.007504414169574683,0.0021020176486586627,0.007210310249817821,0.0014959271571089356,0.08374622660987782
176,0.015410245267331642,0.007422186866826355,0.0021080732528388053,0.005495518315024379,0.001537867330568414,0.08352898327283573,176,0.01718634454904669,0.00753032991592333,0.0020959237129163913,0.007170583297199798,0.0015580304920286784,0.08380807556633679
177,0.015410886405395948,0.0074219673262882575,0.0021061760586381876,0.005495662597930545,0.0015483216901558436,0.08353368948562451,177,0.01718068091837988,0.0075328487305427495,0.0020941570532982644,0.007162495410807853,0.0015647188949240547,0.08379583285664613
178,0.015407004258422041,0.007421881829257495,0.0021081160933553943,0.005491770575143762,0.001540943042661565,0.0835158066209082,178,0.017176606671506854,0.00753134526839515,0.002093158686480854,0.007157796396399444,0.0015772252809256315,0.08379724284387985
179,0.015405761027689063,0.0074231104298508,0.0021068896282843857,0.005489636431808626,0.0015444981509810064,0.08352061637675781,179,0.01717581100737729,0.007523165137138007,0.0020929094522594,0.00716521908124944,0.0015780693469217644,0.08379566992791194
180,0.015405057405909129,0.007422265072175159,0.002106382377899221,0.005489925426500151,0.0015459381173383944,0.0835260215905417,180,0.017178361198671586,0.007511891029283123,0.002096776163012211,0.007182059932570413,0.0015505362952233485,0.08377007212278978
181,0.015404946954918498,0.007420777150475395,0.0021078451098888924,0.005490951089991777,0.001541494418249729,0.0834990490763485,181,0.017178858097704162,0.007514839710773162,0.0020985242510917334,0.007180850232406607,0.0015385756137306398,0.08375195118616212
182,0.01540367066553804,0.007420460171968121,0.0021065392547638686,0.005489610114957296,0.0015482444953950237,0.0835216114353418,182,0.01718139983296289,0.007525444092264153,0.0020993213775514995,0.007176164045648754,0.0015218812699939281,0.08371912392805207
183,0.015401891860478273,0.007421513465431771,0.0021084050694259848,0.005487029246491561,0.0015397763165158306,0.08349620503789817,183,0.01717530122523214,0.0075106049782403235,0.002095747495263393,0.007181438441687035,0.0015500412401655372,0.08374401898878925
184,0.015401088303926261,0.007419621842614659,0.002108977906557468,0.005488108128888935,0.0015375217034607996,0.08348587456661001,184,0.017180396438321484,0.007502014520314505,0.0021001385999316314,0.007201960327912052,0.0015051319606531903,0.08369205020508676
185,0.015401370374090076,0.007419537975030582,0.0021069933293243106,0.005487270272185358,0.0015502751901992971,0.08349469594810435,185,0.017187425795336306,0.007492522884792877,0.0021048264955785476,0.0072223329565153935,0.0014709738337979564,0.0836604504652743
186,0.015398806556055137,0.00741975546901307,0.0021087432270159717,0.005486541173323742,0.0015350667468094123,0.08348779977074167,186,0.017170956479671044,0.007524357256391701,0.0020966676002333188,0.007159203730242432,0.0015629115712143622,0.08377032291214422
187,0.015398278605421135,0.007419195116643233,0.002108201692318529,0.005484776186284508,0.0015444224406994502,0.08348013325278039,187,0.01716698309679006,0.007532818805215493,0.00209241819936993,0.007141171655846092,0.0016022977454341807,0.08381340933858224
188,0.015397223191400904,0.007416188726451772,0.0021079685678779135,0.005487249398348032,0.0015432659948927366,0.08348088922187992,188,0.017167903777247046,0.007532722369398711,0.002095293846719389,0.00714469687872619,0.0015807627296110368,0.08377431023795649
189,0.015396920709561003,0.007420814703520252,0.0021053193571814004,0.0054815249730160494,0.0015570467033732085,0.08351678421241224,189,0.017183888318096197,0.007493945699677152,0.002104464483464945,0.00721685394187862,0.001474496772301928,0.08366400537625798
190,0.015395622297539466,0.007415474500245228,0.0021083394310927816,0.005487527516390981,0.0015371233992419082,0.08347457663801985,190,0.017165515811252845,0.007543435003959907,0.002095044847525094,0.007129354868084192,0.0015907243667346127,0.08379299727813252
191,0.015393910933238872,0.007419904612304899,0.002108030937800381,0.0054795390736505885,0.0015457452379320094,0.08348828894314231,191,0.017169111820689035,0.007501577519161522,0.0020977861559861957,0.007186097743095092,0.0015346016097848988,0.08371425799603732
192,0.015393611423084189,0.00741701429278706,0.0021064410186232927,0.005482963876324996,0.0015487689413953628,0.08348912193688547,192,0.01717125213724772,0.007514842961616111,0.002101086040537031,0.00717426644954479,0.0015242267421991477,0.08370339800164385
193,0.015401853610665647,0.007418820004774873,0.0021063215949860994,0.00548910659312684,0.0015504216711113368,0.08349452217184537,193,0.01717401082234299,0.007501299932317913,0.0021016314133720576,0.007194940958453237,0.0015045540727991258,0.08369437816008082
194,0.015392111856050826,0.007415264574913852,0.002108880338195776,0.005483316551852754,0.0015386015643537821,0.08346932679179343,194,0.0171715951857447,0.007508161249306967,0.002098888037989865,0.007181876391734717,0.0015306780268526021,0.08370753630714596
195,0.015392186460386826,0.007415540601710949,0.0021093139972237613,0.005483630633402445,0.0015348049121986821,0.083466533977556,195,0.017159382474964555,0.007525160662689299,0.00209289556588837,0.007145266892072165,0.0015842374172588846,0.0837584449997488
196,0.015390648865414082,0.007416285156591621,0.0021078278726970228,0.0054800047908466765,0.0015461241811150495,0.08346753628662601,196,0.01717607181668633,0.007502780928504917,0.0020992461403058667,0.007193308833213347,0.0015229436586487969,0.08369249583415266
197,0.015393657922054351,0.007414331856826659,0.002107061147594186,0.005483724163642145,0.001554163015965449,0.0834806612317596,197,0.01717473194112931,0.007488727885878311,0.002105557605764776,0.007215533809701227,0.0014596505591399826,0.08361575344823441
198,0.015387300634881687,0.0074148023453957474,0.0021087927129531596,0.005479387199656235,0.0015372735075061786,0.08346111767617824,198,0.017157448598464846,0.007545994972493851,0.0020926652810061876,0.007118197632426361,0.0016023628501537835,0.08376713884326648
199,0.01538827816271966,0.007416893524672442,0.0021074129971800633,0.00547514792927504,0.0015552948463684621,0.08346257318770528,199,0.017172786951908523,0.007494517707459207,0.002103293938386553,0.007198280795424615,0.001506778042552606,0.08366885992153636
200,0.015382126542359716,0.007412567107951472,0.0021092084024118417,0.005476991673946192,0.0015334374322008451,0.08344734983892425,200,0.01715794711742761,0.0075092354683943515,0.002099040805643319,0.007164642355352078,0.001540113952151447,0.08369409672494205
201,0.015381188375458245,0.007412268981737737,0.0021086451348313094,0.005474259990074717,0.0015440570752579266,0.08344415744169252,201,0.01715694496601398,0.0075095374980625115,0.0020998112949595416,0.0071643038195962055,0.0015331694135828963,0.08367803018048124
202,0.015380021546837026,0.007414373581696413,0.002108534170523592,0.0054706873859192056,0.0015457056347912656,0.08344958535444115,202,0.017154135055431462,0.0075065449829090315,0.002097946468670413,0.00716266208240446,0.0015479260857902326,0.0836903285586609
203,0.015378847655341452,0.007412069207895989,0.00210917387234921,0.005473180131480616,0.0015376977744625548,0.08343891056745915,203,0.017152275371734263,0.007517077555915095,0.0020949820140025244,0.007146928503336209,0.0015731491939217415,0.08371596544418695
204,0.015378901322161126,0.00741041223055096,0.0021065192798808757,0.005472004004587871,0.0015598632285656851,0.08345717504785335,204,0.01715709613405502,0.007506711707222012,0.002100602932327058,0.007169994657402331,0.001519147348414474,0.08365499832720127
205,0.015377629494747313,0.007415073348494691,0.002109491063640887,0.005469438799408281,0.001534505132813813,0.08343599618987826,205,0.017152375502090127,0.007515591446239993,0.0020970602932755115,0.007150931969144434,0.0015551671737207558,0.08369716088164528
206,0.015377101783691526,0.0074122193178212,0.002107969375796569,0.005470706385341113,0.0015448268189305744,0.08344660614621582,206,0.01715722875471912,0.007507134852755182,0.0021005538511880725,0.007170258819143164,0.0015171249265308088,0.08365301211487572
207,0.015376801750061578,0.007412464022092039,0.0021088878882719324,0.005470325997817267,0.0015404953675213643,0.08343219731185485,207,0.017156625564653815,0.007504523151888038,0.0021017018600173716,0.007172431146620579,0.001511877624511297,0.08364243004119622
208,0.015376152717607687,0.007412113558271485,0.002108800621470804,0.005469361801247743,0.0015435069464706179,0.08343598297186561,208,0.01715461208258826,0.00750595315377105,0.0021012544188261876,0.007165860911866404,0.0015261743924984673,0.08366186874655057
209,0.015375381634378656,0.00741335821167329,0.002111390528308101,0.005469597297121799,0.0015241423891018634,0.08342720331597667,209,0.017148676293216786,0.007516361351283091,0.0020947189527159593,0.007143112655096459,0.001577933336485107,0.08372012624200785
210,0.015375503333654927,0.007411549593900194,0.0021091089548530588,0.00546959814752377,0.0015409865495116166,0.08343159456812375,210,0.017154310573494272,0.0074967352567978625,0.002099092735662916,0.007176753994569463,0.0015269143458561233,0.08365411943984481
211,0.015374831921918655,0.007411115938182597,0.0021090639736646814,0.005470142024826688,0.001538039940978749,0.08342865796827403,211,0.0171497245972651,0.007513209448178422,0.0020973597771822,0.007147157143028277,0.0015679929155048053,0.08370432819960252
212,0.015375918525290978,0.0074104863906052625,0.0021099179540282646,0.005471432679384288,0.0015363260050926587,0.08342065041852412,212,0.017153009912328585,0.007510890621902808,0.0021012121117410234,0.007158524497359429,0.001529530725301296,0.08366086376163195
213,0.015373657838960797,0.007412235697622501,0.0021101067388521457,0.005467225444366299,0.0015363598324793963,0.08342033114996378,213,0.017148916551377624,0.0075090139893428335,0.0020993750450148617,0.007154701312757888,0.0015433048170481651,0.08367559426235703
214,0.015372918009602308,0.007412803404939495,0.0021105586817064346,0.005466694498543537,0.0015314456976513588,0.08341546120095591,214,0.01714499630605064,0.0075141066896184435,0.002095062509706279,0.007140540763876348,0.0015811453713982734,0.08370847761068705
215,0.015373970760196398,0.007409646105180137,0.002106984771786649,0.005469553574984437,0.001551145232980703,0.08343906529942206,215,0.017155900310377926,0.007494435680784144,0.002103996876064899,0.00718457283417009,0.0014915796774351653,0.08360757271073899
216,0.015372515828504558,0.007410227157775825,0.0021113659574107323,0.005468109218730322,0.001531253978350725,0.08340286953142281,216,0.01714961731340736,0.007510997319840036,0.002099875802226927,0.007155370863400541,0.001533493311759436,0.08365235660436018
217,0.015376758470849575,0.0074113061530942225,0.0021091169257623278,0.005470177275680394,0.0015446324652505193,0.08341776346567117,217,0.017149348231471795,0.007503482319836346,0.002100840948943822,0.007163832421010395,0.0015247701667249203,0.08363364749359635
218,0.015370934428577274,0.007410477795365957,0.0021106843751271093,0.005466104249689157,0.0015346720335802054,0.08340167953363527,218,0.017148220488243684,0.007500790463725351,0.002100711883889195,0.007164724830116304,0.001527973242051337,0.08364179674184548
219,0.015370689577903293,0.007409148380943055,0.0021100596017733886,0.005467511990106124,0.0015358784203228977,0.08341257680225146,219,0.01714868722692185,0.007499303985035645,0.002100635227694545,0.0071679335526840865,0.0015232578460302837,0.083634726000282
220,0.015369795639462192,0.007407875493239452,0.0021087199583426,0.0054666307617985245,0.0015462777043264624,0.08341091886562947,220,0.01715331108974873,0.007501414493780653,0.002104708259345366,0.007174998460302375,0.0014887595052813303,0.0835983358182997
221,0.015369824086536898,0.007409588586815632,0.002110609014689228,0.005466244268079552,0.0015335288678099495,0.08340973244600386,221,0.0171476613350195,0.007504660434107173,0.002100741492918218,0.007161231685148657,0.0015241108913818058,0.08363728393923561
222,0.015372761837516671,0.0074120325140808055,0.002111192923782196,0.0054674044319121,0.0015285278709662716,0.08340484268174729,222,0.017140899739285297,0.007514001335948706,0.0020956197854588333,0.007136828705387295,0.0015777996499618551,0.08368693615468044
223,0.01536847799179869,0.007409687042177477,0.0021069572574943067,0.005462787222223118,0.0015561858796151623,0.08342119321627263,223,0.017146135081827007,0.007495965914062734,0.002100225972925436,0.007169274674763657,0.0015226740803007247,0.08362566707831509
224,0.015367598532472654,0.007409057646142363,0.0021091999653815095,0.005464336019756764,0.0015400196047680743,0.08340287482804408,224,0.017144709420807768,0.00750178576640363,0.0021005303528651878,0.007160834467284522,0.0015262353370177014,0.08363839759016936
225,0.015365170407840283,0.0074107049645099786,0.0021101311003674547,0.00546052054491771,0.00153525519218056,0.08340886866123567,225,0.017142373278851288,0.007500584237277508,0.00209891607211727,0.0071563288165291524,0.001546176611709426,0.08365583982107774
226,0.015364843211256302,0.007407573735897575,0.0021099181166051124,0.005463527061639569,0.0015352971884561777,0.0834025640340778,226,0.01714176252508483,0.007505547290421881,0.0020994866082339352,0.007151432862540461,0.001541183055554218,0.083652748251861
227,0.015364324794845195,0.007408324374352386,0.0021088830346909556,0.005461082225121075,0.00154414064272312,0.08341501067035006,227,0.017145461497283625,0.007499244011376264,0.0021016473600746328,0.0071667015798530485,0.0015114741839187325,0.08361919870916402
228,0.015364112520419757,0.007407977234713415,0.0021099829682153406,0.005462216743743298,0.0015357422949908092,0.08340233637352502,228,0.01714144211332753,0.007506063436421583,0.0020993015078722304,0.007149912812307758,0.0015446574269038327,0.08365321370228282
229,0.015364483433934135,0.007410944149627881,0.002110443583367419,0.005459784485964696,0.001533244859896553,0.08340410682215321,229,0.017140126654786005,0.007504448136490471,0.002098300801765806,0.007149326263593053,0.0015522058117466997,0.08366203912586537
230,0.015363685893484112,0.0074069022773331,0.002109414724983263,0.0054627489666403,0.001538479698109801,0.08340807463885484,230,0.01714306925741938,0.007504171182243329,0.0021016584305127836,0.0071564965160950175,0.0015229725142730014,0.08363201694106157
231,0.015363364122017347,0.0074090353355965154,0.0021097333053506522,0.005459359377669685,0.0015409444136019815,0.08340972245304505,231,0.017143036154283316,0.007502353592020161,0.002101014377022127,0.007159843197408712,0.001519299951329265,0.08362544735647598
232,0.015363797777273733,0.007410469488498253,0.002111062701382508,0.005459967727727282,0.001529191438662759,0.08340002319776993,232,0.017137136478372412,0.007511582366138135,0.0020963013620238823,0.007135272676230602,0.0015759202959191687,0.08368949029805525
233,0.015362855979991524,0.007406009085282189,0.0021085578019143705,0.005461588120867762,0.0015468038877088116,0.08341010748210112,233,0.01714359370460031,0.00750143318173458,0.002101079543244164,0.007162243162967124,0.0015153512666177637,0.08361492896417402
234,0.015362785264140137,0.007407521436544133,0.0021095886347612357,0.0054604781285446215,0.0015407882571605875,0.08340301122192711,234,0.017145080047655182,0.007495147017937786,0.0021034074411288186,0.007170554180190248,0.0015038856335933197,0.0836043231329828
235,0.015362653458225402,0.007408586164456785,0.002110436104832432,0.0054601054788695124,0.0015341028402666864,0.08339384335900935,235,0.01714251291848069,0.007507230032165095,0.0021010185108643097,0.007150894250580162,0.0015334804994844883,0.08363476789222574
236,0.015362231800722832,0.0074067584336051165,0.0021096176109578323,0.005461188718105709,0.0015386681522166954,0.083403725324178,236,0.01714255949504287,0.007503842267225373,0.00210231155121945,0.007158757784878308,0.0015105915668789508,0.08361328660317187
237,0.015362221965793756,0.0074096626056267,0.0021104515455409407,0.005458782792626917,0.0015333000879967885,0.08340130961760525,237,0.017142455114429498,0.007503420940407042,0.0020995091049457494,0.00715581162498807,0.0015348537763545536,0.08363482440417667
238,0.015362170583332741,0.007408164491609187,0.002110012351589698,0.005458585146997024,0.0015416343725473277,0.08339746111612562,238,0.017139455077857798,0.007501156622860229,0.0020999036957773396,0.007154811402115057,0.0015343334284206888,0.08362856746282217
239,0.015361329373251794,0.007406569192683292,0.0021099311576959034,0.005460767630829018,0.0015362455681743215,0.08339358504867478,239,0.017140160820486444,0.007503549287201099,0.00210124980834014,0.0071523308156515066,0.0015321236371748008,0.08363174183188744
240,0.015360833107516623,0.007407175125421789,0.002109283213922975,0.005458953253348104,0.0015416860592950246,0.08340063782947324,240,0.01714627923309926,0.007493137557692123,0.0021048917562507515,0.007174832140148248,0.0014936711160325497,0.08359035512186447
241,0.015361252185272673,0.0074067017089981604,0.0021109729722042173,0.005460326262642328,0.0015330049657118676,0.08338470254417091,241,0.017145423439357713,0.007492934590873291,0.002105427295285857,0.007174359845384112,0.0014908068312578045,0.08358207134143361
242,0.015360766839611933,0.007407326551410259,0.0021117142520073982,0.00546000265232383,0.0015268935354817864,0.083380984221872,242,0.0171381674123761,0.007505624765916815,0.002100285511674746,0.007146737362556862,0.0015420790889107113,0.08363728112769576
243,0.015360333244354901,0.007407616795957277,0.0021115810268096578,0.005458719108480295,0.0015296652524306852,0.08338371274689739,243,0.017135523378251576,0.00751093489486935,0.0020982127280835556,0.0071334414324670465,0.0015717372913265004,0.08367158078922415
244,0.015360455273911371,0.007405684679734858,0.0021102807543786333,0.005459399639715633,0.0015403608003289897,0.08338778703745696,244,0.017134985067213903,0.007512256986338575,0.0020976551294432217,0.00713380023766801,0.0015650908550563847,0.08365726695870454
245,0.01536021583037377,0.007407117137717786,0.002111089100993546,0.0054588606669368905,0.0015325956989021806,0.08338479654154318,245,0.017137683372294425,0.0075023592150998564,0.0021007274352189786,0.007151207693342892,0.0015335561145307882,0.08362450099216318
246,0.01535963630734091,0.007405150162370943,0.0021099322755036855,0.005458823579553321,0.0015429211596518426,0.08339096892972317,246,0.01713984029341208,0.007500454168415295,0.0021022459325152187,0.0071582008188344395,0.0015157574945885055,0.08360465854968664
247,0.015358937912859503,0.007407433142235258,0.0021109551214870494,0.005456959344682064,0.0015343612178205254,0.08338699621658943,247,0.017139479782616825,0.007497999395401972,0.0021019811052301863,0.007159272709615388,0.0015209062894771122,0.08361019953241888
248,0.015358999996031079,0.007406712090375864,0.0021099265893600515,0.005456629287198445,0.001542928116386874,0.08339658984546601,248,0.01714074766847639,0.007494630687430782,0.002103222072792222,0.0071650542107955465,0.0015113627898313527,0.08360121539741192
249,0.015358812821504206,0.007405539937788182,0.002110267455813197,0.00545904642753715,0.0015358360014627076,0.0833856522872173,249,0.017139362723715953,0.007501703458574583,0.0021027405526629597,0.007156534006221677,0.0015135388250269418,0.08360354602336884
250,0.01535720033951359,0.007408065884705121,0.0021104716603338163,0.005454965111597972,0.0015347907315067194,0.0833839235995053,250,0.017137396822569293,0.007501168510402148,0.0021014003553164176,0.0071534980967078565,0.0015253194405714858,0.08361350435693309
251,0.015357011885636582,0.007406541568596404,0.002110526054795231,0.005455851545307261,0.0015363708677507443,0.08338188296434063,251,0.01713752311671961,0.0075005156357052195,0.0021021453430876136,0.007153673958525343,0.0015247527176057392,0.08361254505953698
252,0.015356853785284605,0.007406277406966611,0.002111498362827593,0.005456782391553783,0.0015291824957464732,0.0833765375906069,252,0.01713651733391672,0.007503261956614706,0.0021012364491328314,0.0071496677953960764,0.0015294045310924357,0.08361620146710917
253,0.015356634963652497,0.007406916195308969,0.002111536849769771,0.005455869801730906,0.0015292484673714091,0.0833761018552298,253,0.017134719271814664,0.007506704010631678,0.002099788343569018,0.007142664372639836,0.0015422501798965178,0.08362918164370195
254,0.01535662879319216,0.007406218631390194,0.0021102211759410987,0.005454924066461282,0.0015410596775983446,0.08338776769301903,254,0.017137587969938188,0.007498714299696796,0.002102511671354186,0.007155863330963085,0.0015219946716964808,0.08360749173839137
255,0.015356566909793324,0.007405745168621129,0.0021097506278769758,0.005455394360085282,0.0015427070128397448,0.08338636844926536,255,0.017139736539354758,0.007495473560718995,0.0021037828124497297,0.007164363011296066,0.001504468619559874,0.08358498901691076
256,0.01535636839927851,0.007405161867903966,0.0021111894236902572,0.0054570885951149666,0.001531714050277279,0.08337442633382516,256,0.017138694698004196,0.007496845978751498,0.0021036462858319283,0.007160731679144895,0.0015098830171034864,0.08359185620298926
257,0.015356388774212732,0.007408148481100091,0.002111006180916164,0.00545402341426643,0.001532842791720189,0.08337615390336156,257,0.01713410796342804,0.0075042272197469225,0.002099372646419929,0.007142388296998896,0.001552479201049175,0.08363716149667524
258,0.015356245156085411,0.007404065259848537,0.0021113955755467932,0.00545772359195926,0.0015322429149232859,0.08337481392879999,258,0.017134712901919695,0.007504493375923836,0.002100400055565362,0.007146016756107785,0.0015352108572908448,0.08361678950066836
259,0.01535583074768953,0.007406642647257066,0.0021094876156875636,0.0054532372507474156,0.001545852935989939,0.0833907491787915,259,0.017140061436396726,0.007491415261097674,0.002103797990371877,0.007169600839744199,0.0015009893807318975,0.083578921995073
260,0.015356051638636166,0.007404571912570682,0.0021118495335080037,0.005458301009012954,0.0015253167341781064,0.08336697529418774,260,0.017135456249992062,0.00750594898917765,0.002101600312909006,0.007145902897530007,0.0015280162015016067,0.0836103156490146
261,0.015355839459137257,0.007405473769746874,0.0021107520847978576,0.005454718595809093,0.0015395800351337375,0.0833785306268017,261,0.017135207095394296,0.007498481108824599,0.00210113554999654,0.00715290516052606,0.0015307411041883927,0.08360905045608305
262,0.015355454027914998,0.007405523637436201,0.0021111327403712,0.005455615878764299,0.0015327270853731892,0.08337137058353726,262,0.017136439053398858,0.00749979571456898,0.002102397408617555,0.0071541370806407255,0.0015204353982863842,0.08359974369687855
263,0.015355308345162865,0.007408384401439491,0.0021111501577953215,0.005452399161213194,0.0015334984988594313,0.08337500769097658,263,0.017136928301967926,0.007496673587428511,0.00210312080244481,0.007158382497024986,0.0015150056602784767,0.08359330737928175
264,0.015355239110870082,0.007405954649992652,0.0021115031891898216,0.005454885292618784,0.0015315839162753035,0.08337293342815191,264,0.01713510553345945,0.007500336154030179,0.0021014041706638514,0.007152098942688614,0.001525065064307232,0.08360307874544612
265,0.015355115356732056,0.007405279577955439,0.002109993428858453,0.0054538635894550245,0.0015439150418525658,0.08338379689255408,265,0.017137375511426724,0.007497379020348472,0.00210318064431326,0.007158707686752643,0.0015124326400493956,0.08358919339359931
266,0.015355040565060268,0.007404166161955156,0.002111531801427616,0.005456831674040023,0.0015300437105498844,0.08336526193136665,266,0.01713607467563805,0.007501746439990008,0.002103042982096942,0.007151465195248711,0.001519280233209566,0.0835978276324722
267,0.01535466856008328,0.00740661670705436,0.0021119241368784724,0.005454144778986584,0.0015279317486554525,0.08336523999158428,267,0.017133921568769573,0.0075046853425930135,0.002100957061146509,0.007143200568433078,0.0015403143863879003,0.08362071202048715
268,0.015354589591539828,0.00740541797940506,0.0021107905855792977,0.005454379144179124,0.0015360075295053812,0.08337975347541143,268,0.01713316269902038,0.007504795713104167,0.0021004935194966646,0.007143561262637377,0.0015372488151286852,0.08361946693006551
269,0.015354593604800142,0.00740719605737482,0.002111347824758828,0.0054533258624857445,0.0015308954407229995,0.08337237087989118,269,0.017131657352262474,0.007505587152785288,0.0020995028910033827,0.007138749356118013,0.0015512718094231666,0.08363262690463157
270,0.015354483524136214,0.0074033701614334025,0.0021120228592783072,0.005457293050949231,0.0015271898099010895,0.08336369370773881,270,0.01713410541601918,0.007499653995388521,0.0021019488933302884,0.0071498923759274885,0.0015304406054915403,0.08360569741366045
271,0.015354122345278401,0.007404276850673048,0.0021118892869495713,0.005455637047961825,0.0015292766387758284,0.08336477594870903,271,0.01713221598655987,0.007507915503152137,0.002100608843150285,0.007137951757407414,0.0015429595314001418,0.08362125788094862
272,0.0153541548967662,0.0074056145995502224,0.0021115424057047984,0.005453728126894571,0.0015330790584664358,0.08336700863936125,272,0.017132675154398213,0.007502202893484314,0.0021011977619052216,0.007144516421798265,0.0015390323088416513,0.08361583413942805
273,0.015353894708111354,0.007404761687200664,0.00211122758336377,0.00545437180247352,0.0015341345402935917,0.08337318271068976,273,0.01713242459238314,0.007504149217088267,0.002100822085268655,0.0071427670817049045,0.001538744833285235,0.08361586141136457
274,0.015353935190866735,0.007404729238406742,0.002109838563928272,0.005452988931164734,0.0015455138294679506,0.08338152743157994,274,0.017135103026137,0.007498739111535954,0.0021022808966490456,0.007154312494369048,0.0015190820943318166,0.08359225248953081
275,0.015353096523623778,0.007405872948138164,0.002111913249747001,0.005453580836316726,0.0015269179576875474,0.08336162288183284,275,0.01713254644408084,0.007504591252654791,0.0021009272039112336,0.007143125974766488,0.0015356080509933098,0.08361113127672447
276,0.015353001140256296,0.007405164295522052,0.0021125655797844247,0.005454847281636879,0.0015216959332517608,0.08335562298695247,276,0.01713204642764363,0.00750650852075163,0.0021012207747981796,0.007139484521071866,0.001539330444087819,0.08361687609609568
277,0.015352990850434393,0.007405882735485079,0.0021108373412737362,0.005451700474337144,0.0015382811973537363,0.08337464122363553,277,0.01713327907370667,0.007500707470583466,0.0021020288025644027,0.00714822345465984,0.0015292773835958455,0.0836055430601228
278,0.015352922455406941,0.007407004213752151,0.002110253489836697,0.0054499998138437715,0.0015426597518972923,0.08337853331042315,278,0.017133530154099404,0.007498034627510692,0.0021019821639506604,0.007151961590180981,0.001526207089828292,0.08359989355195244
279,0.015352777721598305,0.00740493963565236,0.0021107230754054225,0.0054530187187742845,0.0015363851670649545,0.08337286560785902,279,0.017133491769990936,0.0074986183646855485,0.0021017834715510034,0.007152068885570427,0.0015240841927358284,0.08359766456316102
280,0.015352716684612884,0.007404558783938511,0.0021109100209407827,0.005453780889702375,0.0015338679601248548,0.08336915515398527,280,0.017134571746145463,0.007498092316793946,0.002102811073989801,0.007154563441872597,0.0015164196539564797,0.08358982317852524
281,0.015352679567389841,0.007404423213606527,0.00211142444185689,0.0054540455203038445,0.0015311455664903184,0.08336449931206484,281,0.017133112301070348,0.0075004467881231935,0.0021021726677405103,0.0071486465562627,0.0015273851557757775,0.08360187090792746
282,0.01535262246212559,0.007405519381012491,0.0021103335313475435,0.0054516883737644505,0.0015403247040044112,0.08337658135246892,282,0.017134464984509285,0.007496639682015158,0.0021028492604118756,0.007156147278915599,0.0015153150526666134,0.0835878774523735
283,0.015352557101643734,0.007403896309400057,0.0021116080243136046,0.005454739902203823,0.0015292514629049983,0.08336172569513697,283,0.01713284283858847,0.007500825256530968,0.0021019084071564787,0.007148068310376609,0.0015281634580976559,0.08360193248065013
284,0.01535257935831531,0.007404825476544069,0.002110457944015768,0.005452228347383922,0.0015402703614862073,0.08337460824334038,284,0.01713274609745603,0.007499920995027389,0.0021016463804287167,0.007148686444984292,0.0015299691080625326,0.08360277847299036
285,0.015352357307112059,0.007404249911100896,0.0021109104728087853,0.005453132325415551,0.0015362583911473057,0.08336749027878941,285,0.01713240774840398,0.007502206390337,0.0021012089158109616,0.007145959778495555,0.001532130655041843,0.0836034819202603
286,0.015352300146959154,0.007404405823768974,0.0021111895617150584,0.005453478234509627,0.0015329061078619784,0.0833651983366005,286,0.017134129622169193,0.007498198926870553,0.0021031444677028733,0.007153312201207539,0.0015178961055529005,0.08358929460903383
287,0.015352321512756964,0.0074044478289182715,0.0021117420942120923,0.005453633838943772,0.0015299910027313077,0.08336112060912224,287,0.017132158929323953,0.007501628425604892,0.0021013133008173615,0.007146681307481145,0.0015301435816822188,0.08360144664656441
288,0.0153521243902144,0.00740569350081621,0.0021114131659387037,0.005451952794340173,0.001532259716477251,0.08336497696137164,288,0.017133010369571766,0.007501763449806087,0.0021024458659461365,0.0071475550462052504,0.0015249840304571783,0.08359784000324753
289,0.015352086836709765,0.007405260064319882,0.0021126145919222873,0.005453542926853396,0.0015226770144568,0.08335774661428744,289,0.017131732238614757,0.007503910578857615,0.0021015756899701817,0.0071430947754602386,0.0015326047773068807,0.08360751802628895
290,0.015352038594375115,0.007407150568225749,0.0021104760681618135,0.005449059945685674,0.0015414080492075163,0.08337749130023411,290,0.017133702755189623,0.007496475628665033,0.0021030424461471586,0.007154276155216514,0.001519634100643672,0.08359277796632839
291,0.015352211314482294,0.007402878952408313,0.00211267999967775,0.0054563226584362755,0.0015213188158398226,0.08335209940376252,291,0.017132565088653587,0.007499339621303216,0.0021023125550270363,0.007149650926156988,0.0015250479446653768,0.08359694354376702
292,0.015351836902232316,0.007404689610116243,0.0021113574440115813,0.005452676666650397,0.0015324527258163767,0.08336591262717571,292,0.017132472654338926,0.007499193122505017,0.002102347409335088,0.007149396657521995,0.0015261418599073055,0.0835985541343689
293,0.015351795782442928,0.0074052338063198995,0.0021110330608553485,0.005451300493360602,0.0015369136876283178,0.08336863120632337,293,0.01713273669856618,0.007498361100003404,0.002102038906535731,0.007151405045868091,0.0015237265846358154,0.08359285556482819
294,0.015351864627171103,0.007404407990969847,0.0021108473363475166,0.0054525027484125434,0.0015364262057647792,0.08336774837725912,294,0.017132715877246567,0.007498012820504747,0.0021021649755432075,0.007151601080483985,0.0015237480028585163,0.0835924578725167
295,0.015351655645173953,0.0074049451312647565,0.002111911735428265,0.005453104422152584,0.001526777425313392,0.08335680531052428,295,0.017131047266236734,0.007502706985006917,0.002100985233654391,0.007143740076571703,0.0015344598840148944,0.08360481459014821
296,0.015351571295859413,0.007405450037205341,0.002110727638959602,0.0054509786489503505,0.001537659882976472,0.08336783171076721,296,0.01713291172186387,0.007496103029346691,0.0021023815651512088,0.007154235633898456,0.0015207659738700626,0.08358840306974807
297,0.01535155443013219,0.007403484452957226,0.0021117615718011986,0.0054540905717460186,0.0015288713345109923,0.08335957825654679,297,0.01713273002665033,0.007498844684857242,0.0021024287858415606,0.007151234490832068,0.0015208882604778376,0.08359000466342242
298,0.01535143006192432,0.007404740723247212,0.0021115902253672314,0.005452435655669437,0.0015306538305617575,0.08336098116673941,298,0.01713168085882229,0.007501350847547347,0.002102171261970586,0.00714520755100925,0.001531804793180441,0.08360452317404297
299,0.015351400301987547,0.007404484210821313,0.0021116553771193323,0.005452156123538953,0.0015324183620317908,0.08336463907224495,299,0.017131552077118167,0.007501601689618151,0.0021019724992824332,0.007145479040325813,0.0015299953915670795,0.08360117097508232
